<?xml version="1.0" encoding="UTF-8" ?>
<rss version="2.0" xmlns:content="http://purl.org/rss/1.0/modules/content/" xmlns:wikidot="http://www.wikidot.com/rss-namespace">

	<channel>
		<title>Πλάνο εργασίας - Ομάδα 4 (new posts)</title>
		<link>http://learnscratchthroughcomics.wikidot.com/forum/c-143664/plano-ergasias-omada-4</link>
		<description>Posts in the forum category &quot;Πλάνο εργασίας - Ομάδα 4&quot; - Εδώ μπορείτε να συζητήσετε θέματα που αφορούν τον τρόπο κατασκευής του πλάνου δράσης της εφαρμογής σας</description>
				<copyright></copyright>
		<lastBuildDate>Tue, 31 Jan 2023 16:34:44 +0000</lastBuildDate>
		
				</channel>
</rss>