<?xml version="1.0" encoding="UTF-8" ?>
<rss version="2.0" xmlns:content="http://purl.org/rss/1.0/modules/content/" xmlns:wikidot="http://www.wikidot.com/rss-namespace">

	<channel>
		<title>Προγραμματιστές (new posts)</title>
		<link>http://learnscratchthroughcomics.wikidot.com/forum/c-140919/programmatistes</link>
		<description>Posts in the forum category &quot;Προγραμματιστές&quot; - Εδώ μπορείτε να συζητήσετε τις απορίες σας και να καταθέσετε τις απόψεις σας για τον τρόπο με τον οποίο θα εργαστείτε στο πλαίσο διεξαγωγής των δραστηριοτήτων σας.</description>
				<copyright></copyright>
		<lastBuildDate>Tue, 31 Jan 2023 16:34:46 +0000</lastBuildDate>
		
				</channel>
</rss>