<?xml version="1.0" encoding="UTF-8" ?>
<rss version="2.0" xmlns:content="http://purl.org/rss/1.0/modules/content/" xmlns:wikidot="http://www.wikidot.com/rss-namespace">

	<channel>
		<title>Deleted threads (new threads)</title>
		<link>http://learnscratchthroughcomics.wikidot.com/forum/c-130257/deleted-threads</link>
		<description>Threads in the forum category &quot;Deleted threads&quot; - Deleted forum discussions should go here.</description>
				<copyright></copyright>
		<lastBuildDate>Tue, 31 Jan 2023 16:37:53 +0000</lastBuildDate>
		
				</channel>
</rss>