<?xml version="1.0" encoding="UTF-8" ?>
<rss version="2.0" xmlns:content="http://purl.org/rss/1.0/modules/content/" xmlns:wikidot="http://www.wikidot.com/rss-namespace">

	<channel>
		<title>Φτιάξε το δικό σου κινούμενο σχέδιο με το Scratch - new forum posts</title>
		<link>http://learnscratchthroughcomics.wikidot.com/forum/start</link>
		<description>Posts in forums of the site &quot;Φτιάξε το δικό σου κινούμενο σχέδιο με το Scratch&quot;</description>
				<copyright></copyright>
		<lastBuildDate>Tue, 31 Jan 2023 16:32:18 +0000</lastBuildDate>
		
					<item>
				<guid>http://learnscratchthroughcomics.wikidot.com/forum/t-304153#post-990203</guid>
				<title>test</title>
				<link>http://learnscratchthroughcomics.wikidot.com/forum/t-304153/test#post-990203</link>
				<description></description>
				<pubDate>Mon, 31 Jan 2011 17:58:04 +0000</pubDate>
				<wikidot:authorName>nikosmdtps</wikidot:authorName>				<wikidot:authorUserId>694605</wikidot:authorUserId>				<content:encoded>
					<![CDATA[
						 <p>test</p> <br/>Forum category: <a href="http://learnscratchthroughcomics.wikidot.com/forum/c-140916">Συζητήσεις Ομάδων / Απορίες</a><br/>Forum thread: <a href="http://learnscratchthroughcomics.wikidot.com/forum/t-304153/test">test</a>
				 	]]>
				</content:encoded>							</item>
				</channel>
</rss>