<?xml version="1.0" encoding="UTF-8" ?>
<rss version="2.0" xmlns:content="http://purl.org/rss/1.0/modules/content/" xmlns:wikidot="http://www.wikidot.com/rss-namespace">

	<channel>
		<title>test</title>
		<link>http://learnscratchthroughcomics.wikidot.com/forum/t-304153/test</link>
		<description>Posts in the discussion thread &quot;test&quot; - test</description>
				<copyright></copyright>
		<lastBuildDate>Tue, 31 Jan 2023 16:34:21 +0000</lastBuildDate>
		
					<item>
				<guid>http://learnscratchthroughcomics.wikidot.com/forum/t-304153#post-990203</guid>
				<title>test</title>
				<link>http://learnscratchthroughcomics.wikidot.com/forum/t-304153/test#post-990203</link>
				<description></description>
				<pubDate>Mon, 31 Jan 2011 17:58:04 +0000</pubDate>
				<wikidot:authorName>nikosmdtps</wikidot:authorName>				<wikidot:authorUserId>694605</wikidot:authorUserId>				<content:encoded>
					<![CDATA[
						 <p>test</p> 
				 	]]>
				</content:encoded>							</item>
				</channel>
</rss>