<?xml version="1.0" encoding="UTF-8" ?>
<rss version="2.0" xmlns:content="http://purl.org/rss/1.0/modules/content/" xmlns:wikidot="http://www.wikidot.com/rss-namespace">

	<channel>
		<title>Φτιάξε το δικό σου κινούμενο σχέδιο με το Scratch - new forum threads</title>
		<link>http://learnscratchthroughcomics.wikidot.com/forum/start</link>
		<description>Threads in forums of the site &quot;Φτιάξε το δικό σου κινούμενο σχέδιο με το Scratch&quot;</description>
				<copyright></copyright>
		<lastBuildDate>Tue, 31 Jan 2023 16:32:17 +0000</lastBuildDate>
		
					<item>
				<guid>http://learnscratchthroughcomics.wikidot.com/forum/t-304153</guid>
				<title>test</title>
				<link>http://learnscratchthroughcomics.wikidot.com/forum/t-304153/test</link>
				<description>test</description>
				<pubDate>Mon, 31 Jan 2011 17:58:04 +0000</pubDate>
				<wikidot:authorName>nikosmdtps</wikidot:authorName>				<wikidot:authorUserId>694605</wikidot:authorUserId>				<content:encoded>
					<![CDATA[
						 <p>test</p> 
				 	]]>
				</content:encoded>							</item>
				</channel>
</rss>